Contact ID,callduration,Date
Call #1,20,17-Jan-22
Call #2,2,17-Jan-22
Call #3,27,18-Jan-22
Call #4,40,18-Jan-22
Call #5,3,18-Jan-22
Call #6,23,18-Jan-22
Call #7,24,18-Jan-22
Call #8,73,18-Jan-22
Call #9,4,18-Jan-22
Call #10,6,18-Jan-22
Call #11,11,18-Jan-22
Call #12,14,18-Jan-22
Call #13,11,18-Jan-22
Call #14,0,18-Jan-22
Call #15,21,18-Jan-22
Call #16,38,18-Jan-22
Call #17,129,18-Jan-22
Call #18,14,18-Jan-22
Call #19,42,18-Jan-22
Call #20,21,18-Jan-22
Call #21,12,18-Jan-22
Call #22,3,18-Jan-22
Call #23,1,18-Jan-22
Call #24,8,19-Jan-22
Call #25,26,19-Jan-22
Call #26,8,19-Jan-22
Call #27,44,19-Jan-22
Call #28,14,19-Jan-22
Call #29,2,19-Jan-22
Call #30,21,19-Jan-22
Call #31,10,19-Jan-22
Call #32,17,19-Jan-22
Call #33,52,19-Jan-22
Call #34,6,19-Jan-22
Call #35,28,19-Jan-22
Call #36,0,19-Jan-22
Call #37,14,19-Jan-22
Call #38,11,19-Jan-22
Call #39,6,19-Jan-22
Call #40,1,19-Jan-22
Call #41,24,19-Jan-22
Call #42,0,19-Jan-22
Call #43,5,19-Jan-22
Call #44,3,19-Jan-22
Call #45,12,19-Jan-22
Call #46,7,20-Jan-22
Call #47,23,20-Jan-22
Call #48,44,20-Jan-22
Call #49,12,20-Jan-22
Call #50,19,20-Jan-22
Call #51,6,20-Jan-22
Call #52,4,20-Jan-22
Call #53,12,20-Jan-22
Call #54,214,20-Jan-22
Call #55,238,20-Jan-22
Call #56,11,20-Jan-22
Call #57,11,20-Jan-22
Call #58,9,20-Jan-22
Call #59,7,20-Jan-22
Call #60,49,20-Jan-22
Call #61,15,20-Jan-22
Call #62,38,20-Jan-22
Call #63,13,20-Jan-22
Call #64,14,20-Jan-22
Call #65,0,21-Jan-22
Call #66,14,21-Jan-22
Call #67,6,21-Jan-22
Call #68,3,21-Jan-22
Call #69,12,21-Jan-22
Call #70,10,21-Jan-22
Call #71,9,21-Jan-22
Call #72,104,21-Jan-22
Call #73,14,21-Jan-22
Call #74,19,21-Jan-22
Call #75,9,21-Jan-22
Call #76,89,21-Jan-22
Call #77,19,21-Jan-22
Call #78,17,21-Jan-22
Call #79,6,21-Jan-22
Call #80,18,21-Jan-22
Call #81,6,21-Jan-22
Call #82,0,21-Jan-22
Call #83,5,21-Jan-22
Call #84,30,21-Jan-22
Call #85,17,21-Jan-22
Call #86,10,22-Jan-22
Call #87,21,22-Jan-22
Call #88,12,22-Jan-22
Call #89,48,22-Jan-22
Call #90,15,22-Jan-22
Call #91,16,22-Jan-22
Call #92,7,22-Jan-22
Call #93,3,23-Jan-22
Call #94,1,23-Jan-22
Call #95,13,23-Jan-22
Call #96,34,23-Jan-22
Call #97,26,24-Jan-22
Call #98,2,24-Jan-22
Call #99,11,24-Jan-22
Call #100,21,24-Jan-22
Call #101,1,24-Jan-22
Call #102,12,24-Jan-22
Call #103,2,24-Jan-22
Call #104,21,24-Jan-22
Call #105,262,24-Jan-22
Call #106,4,24-Jan-22
Call #107,20,24-Jan-22
Call #108,52,24-Jan-22
Call #109,14,24-Jan-22
Call #110,29,24-Jan-22
Call #111,13,24-Jan-22
Call #112,18,24-Jan-22
Call #113,14,24-Jan-22
Call #114,11,24-Jan-22
Call #115,0,24-Jan-22
Call #116,15,24-Jan-22
Call #117,7,24-Jan-22
Call #118,16,24-Jan-22
Call #119,2,24-Jan-22
Call #120,5,24-Jan-22
Call #121,6,24-Jan-22
Call #122,0,24-Jan-22
Call #123,20,24-Jan-22
Call #124,9,24-Jan-22
Call #125,14,24-Jan-22
Call #126,28,24-Jan-22
Call #127,0,24-Jan-22
Call #128,16,24-Jan-22
Call #129,22,24-Jan-22
Call #130,7,24-Jan-22
Call #131,5,24-Jan-22
Call #132,4,24-Jan-22
Call #133,1,24-Jan-22
Call #134,29,24-Jan-22
Call #135,11,24-Jan-22
Call #136,13,24-Jan-22
Call #137,14,24-Jan-22
Call #138,0,25-Jan-22
Call #139,13,25-Jan-22
Call #140,20,25-Jan-22
Call #141,19,25-Jan-22
Call #142,115,25-Jan-22
Call #143,18,25-Jan-22
Call #144,21,25-Jan-22
Call #145,16,25-Jan-22
Call #146,8,25-Jan-22
Call #147,6,25-Jan-22
Call #148,6,25-Jan-22
Call #149,8,25-Jan-22
Call #150,72,25-Jan-22
Call #151,9,25-Jan-22
Call #152,0,25-Jan-22
Call #153,24,25-Jan-22
Call #154,22,25-Jan-22
Call #155,23,25-Jan-22
Call #156,2,25-Jan-22
Call #157,9,25-Jan-22
Call #158,39,25-Jan-22
Call #159,2,25-Jan-22
Call #160,21,25-Jan-22
Call #161,0,25-Jan-22
Call #162,22,25-Jan-22
Call #163,4,25-Jan-22
Call #164,11,25-Jan-22
Call #165,4,25-Jan-22
Call #166,9,26-Jan-22
Call #167,26,26-Jan-22
Call #168,79,26-Jan-22
Call #169,34,26-Jan-22
Call #170,14,26-Jan-22
Call #171,4,26-Jan-22
Call #172,12,26-Jan-22
Call #173,3,26-Jan-22
Call #174,1,26-Jan-22
Call #175,8,26-Jan-22
Call #176,23,26-Jan-22
Call #177,57,26-Jan-22
Call #178,35,26-Jan-22
Call #179,8,26-Jan-22
Call #180,6,26-Jan-22
Call #181,4,26-Jan-22
Call #182,1,26-Jan-22
Call #183,31,26-Jan-22
Call #184,6,26-Jan-22
Call #185,2,26-Jan-22
Call #186,10,26-Jan-22
Call #187,6,26-Jan-22
Call #188,4,27-Jan-22
Call #189,10,27-Jan-22
Call #190,30,27-Jan-22
Call #191,5,27-Jan-22
Call #192,57,27-Jan-22
Call #193,12,27-Jan-22
Call #194,46,27-Jan-22
Call #195,344,27-Jan-22
Call #196,17,27-Jan-22
Call #197,3,27-Jan-22
Call #198,123,27-Jan-22
Call #199,1,27-Jan-22
Call #200,3,27-Jan-22
Call #201,16,27-Jan-22
Call #202,28,27-Jan-22
Call #203,191,27-Jan-22
Call #204,13,27-Jan-22
Call #205,8,27-Jan-22
Call #206,14,27-Jan-22
Call #207,26,27-Jan-22
Call #208,22,27-Jan-22
Call #209,22,27-Jan-22
Call #210,9,27-Jan-22
Call #211,1,27-Jan-22
Call #212,20,27-Jan-22
Call #213,6,27-Jan-22
Call #214,27,28-Jan-22
Call #215,17,28-Jan-22
Call #216,82,28-Jan-22
Call #217,28,28-Jan-22
Call #218,17,28-Jan-22
Call #219,0,28-Jan-22
Call #220,22,28-Jan-22
Call #221,39,28-Jan-22
Call #222,41,28-Jan-22
Call #223,13,28-Jan-22
Call #224,27,28-Jan-22
Call #225,14,28-Jan-22
Call #226,24,28-Jan-22
Call #227,9,28-Jan-22
Call #228,10,28-Jan-22
Call #229,18,28-Jan-22
Call #230,7,28-Jan-22
Call #231,3,28-Jan-22
Call #232,2,28-Jan-22
Call #233,7,29-Jan-22
Call #234,2,29-Jan-22
Call #235,0,29-Jan-22
Call #236,16,29-Jan-22
Call #237,35,29-Jan-22
Call #238,11,29-Jan-22
Call #239,32,29-Jan-22
Call #240,12,29-Jan-22
Call #241,6,29-Jan-22
Call #242,34,31-Jan-22
Call #243,2,31-Jan-22
Call #244,19,31-Jan-22
Call #245,96,31-Jan-22
Call #246,0,31-Jan-22
Call #247,15,31-Jan-22
Call #248,17,31-Jan-22
Call #249,12,31-Jan-22
Call #250,6,31-Jan-22
Call #251,1,31-Jan-22
Call #252,11,31-Jan-22
Call #253,84,31-Jan-22
Call #254,9,31-Jan-22
Call #255,9,31-Jan-22
Call #256,11,31-Jan-22
Call #257,19,31-Jan-22
Call #258,21,31-Jan-22
Call #259,1,1-Feb-22
Call #260,70,1-Feb-22
Call #261,83,1-Feb-22
Call #262,1,1-Feb-22
Call #263,164,1-Feb-22
Call #264,11,1-Feb-22
Call #265,7,1-Feb-22
Call #266,31,1-Feb-22
Call #267,17,1-Feb-22
Call #268,16,1-Feb-22
Call #269,13,1-Feb-22
Call #270,52,1-Feb-22
Call #271,83,1-Feb-22
Call #272,27,1-Feb-22
Call #273,2,1-Feb-22
Call #274,7,2-Feb-22
Call #275,22,2-Feb-22
Call #276,22,2-Feb-22
Call #277,15,2-Feb-22
Call #278,62,2-Feb-22
Call #279,18,2-Feb-22
Call #280,32,2-Feb-22
Call #281,26,2-Feb-22
Call #282,51,2-Feb-22
Call #283,40,2-Feb-22
Call #284,8,2-Feb-22
Call #285,31,2-Feb-22
Call #286,7,2-Feb-22
Call #287,4,2-Feb-22
Call #288,9,2-Feb-22
Call #289,52,2-Feb-22
Call #290,10,2-Feb-22
Call #291,102,2-Feb-22
Call #292,11,2-Feb-22
Call #293,42,2-Feb-22
Call #294,28,3-Feb-22
Call #295,0,3-Feb-22
Call #296,29,3-Feb-22
Call #297,10,3-Feb-22
Call #298,66,3-Feb-22
Call #299,23,3-Feb-22
Call #300,18,3-Feb-22
Call #301,3,3-Feb-22
Call #302,154,3-Feb-22
Call #303,44,3-Feb-22
Call #304,21,3-Feb-22
Call #305,80,3-Feb-22
Call #306,10,3-Feb-22
Call #307,83,3-Feb-22
Call #308,9,3-Feb-22
Call #309,16,3-Feb-22
Call #310,11,3-Feb-22
Call #311,5,3-Feb-22
Call #312,30,3-Feb-22
Call #313,34,3-Feb-22
Call #314,27,3-Feb-22
Call #315,2,3-Feb-22
Call #316,6,3-Feb-22
Call #317,102,3-Feb-22
Call #318,24,3-Feb-22
Call #319,2,3-Feb-22
Call #320,14,3-Feb-22
Call #321,10,3-Feb-22
Call #322,198,4-Feb-22
Call #323,39,4-Feb-22
Call #324,3,4-Feb-22
Call #325,211,4-Feb-22
Call #326,6,4-Feb-22
Call #327,21,4-Feb-22
Call #328,73,4-Feb-22
Call #329,19,4-Feb-22
Call #330,19,4-Feb-22
Call #331,4,4-Feb-22
Call #332,0,4-Feb-22
Call #333,0,4-Feb-22
Call #334,55,4-Feb-22
Call #335,104,4-Feb-22
Call #336,179,4-Feb-22
Call #337,1,4-Feb-22
Call #338,172,4-Feb-22
Call #339,14,4-Feb-22
Call #340,0,5-Feb-22
Call #341,2,5-Feb-22
Call #342,11,5-Feb-22
Call #343,2,5-Feb-22
Call #344,5,5-Feb-22
Call #345,12,5-Feb-22
Call #346,15,6-Feb-22
Call #347,2,6-Feb-22
Call #348,4,6-Feb-22
Call #349,7,6-Feb-22
Call #350,10,6-Feb-22
Call #351,9,6-Feb-22
Call #352,47,7-Feb-22
Call #353,21,7-Feb-22
Call #354,3,7-Feb-22
Call #355,2,7-Feb-22
Call #356,13,7-Feb-22
Call #357,20,7-Feb-22
Call #358,23,7-Feb-22
Call #359,65,7-Feb-22
Call #360,1,7-Feb-22
Call #361,7,7-Feb-22
Call #362,27,7-Feb-22
Call #363,25,7-Feb-22
Call #364,11,7-Feb-22
Call #365,14,7-Feb-22
Call #366,59,7-Feb-22
Call #367,28,7-Feb-22
Call #368,43,7-Feb-22
Call #369,17,7-Feb-22
Call #370,1,7-Feb-22
Call #371,82,7-Feb-22
Call #372,16,7-Feb-22
Call #373,19,8-Feb-22
Call #374,65,8-Feb-22
Call #375,30,8-Feb-22
Call #376,10,8-Feb-22
Call #377,16,8-Feb-22
Call #378,13,8-Feb-22
Call #379,9,8-Feb-22
Call #380,28,8-Feb-22
Call #381,18,8-Feb-22
Call #382,20,8-Feb-22
Call #383,24,8-Feb-22
Call #384,24,8-Feb-22
Call #385,18,8-Feb-22
Call #386,10,8-Feb-22
Call #387,19,8-Feb-22
Call #388,18,8-Feb-22
Call #389,1,9-Feb-22
Call #390,35,9-Feb-22
Call #391,18,9-Feb-22
Call #392,28,9-Feb-22
Call #393,17,9-Feb-22
Call #394,2,9-Feb-22
Call #395,30,9-Feb-22
Call #396,17,9-Feb-22
Call #397,3,9-Feb-22
Call #398,17,9-Feb-22
Call #399,1,9-Feb-22
Call #400,85,9-Feb-22
Call #401,60,9-Feb-22
Call #402,12,9-Feb-22
Call #403,53,9-Feb-22
Call #404,14,9-Feb-22
Call #405,9,9-Feb-22
Call #406,26,9-Feb-22
Call #407,10,9-Feb-22
Call #408,4,9-Feb-22
Call #409,20,10-Feb-22
Call #410,7,10-Feb-22
Call #411,0,10-Feb-22
Call #412,5,10-Feb-22
Call #413,21,10-Feb-22
Call #414,14,10-Feb-22
Call #415,31,10-Feb-22
Call #416,26,10-Feb-22
Call #417,21,10-Feb-22
Call #418,83,10-Feb-22
Call #419,14,10-Feb-22
Call #420,19,10-Feb-22
Call #421,35,10-Feb-22
Call #422,275,10-Feb-22
Call #423,20,10-Feb-22
Call #424,9,10-Feb-22
Call #425,0,10-Feb-22
Call #426,15,10-Feb-22
Call #427,71,10-Feb-22
Call #428,12,10-Feb-22
Call #429,18,10-Feb-22
Call #430,22,10-Feb-22
Call #431,171,10-Feb-22
Call #432,0,10-Feb-22
Call #433,1,10-Feb-22
Call #434,7,10-Feb-22
Call #435,14,10-Feb-22
Call #436,19,10-Feb-22
Call #437,15,10-Feb-22
Call #438,57,10-Feb-22
Call #439,44,10-Feb-22
Call #440,14,10-Feb-22
Call #441,62,10-Feb-22
Call #442,4,10-Feb-22
Call #443,13,10-Feb-22
Call #444,91,10-Feb-22
Call #445,29,11-Feb-22
Call #446,10,11-Feb-22
Call #447,10,11-Feb-22
Call #448,3,11-Feb-22
Call #449,187,11-Feb-22
Call #450,6,11-Feb-22
Call #451,7,11-Feb-22
Call #452,62,11-Feb-22
Call #453,42,11-Feb-22
Call #454,22,11-Feb-22
Call #455,49,11-Feb-22
Call #456,13,11-Feb-22
Call #457,13,11-Feb-22
Call #458,15,11-Feb-22
Call #459,18,11-Feb-22
Call #460,13,11-Feb-22
Call #461,8,11-Feb-22
Call #462,10,11-Feb-22
Call #463,22,11-Feb-22
Call #464,38,11-Feb-22
Call #465,24,11-Feb-22
Call #466,1,12-Feb-22
Call #467,19,12-Feb-22
Call #468,53,12-Feb-22
Call #469,3,12-Feb-22
Call #470,8,12-Feb-22
Call #471,17,12-Feb-22
Call #472,4,12-Feb-22
Call #473,4,12-Feb-22
Call #474,0,12-Feb-22
Call #475,65,12-Feb-22
Call #476,0,12-Feb-22
Call #477,1,12-Feb-22
Call #478,4,13-Feb-22
Call #479,20,14-Feb-22
Call #480,38,14-Feb-22
Call #481,38,14-Feb-22
Call #482,38,14-Feb-22
Call #483,1,14-Feb-22
Call #484,22,14-Feb-22
Call #485,47,14-Feb-22
Call #486,18,14-Feb-22
Call #487,15,14-Feb-22
Call #488,16,14-Feb-22
Call #489,0,14-Feb-22
Call #490,2,14-Feb-22
Call #491,0,14-Feb-22
Call #492,17,14-Feb-22
Call #493,16,15-Feb-22
Call #494,23,15-Feb-22
Call #495,0,15-Feb-22
Call #496,271,15-Feb-22
Call #497,0,15-Feb-22
Call #498,38,15-Feb-22
Call #499,46,15-Feb-22
Call #500,15,15-Feb-22
Call #501,10,15-Feb-22
Call #502,24,15-Feb-22
Call #503,76,15-Feb-22
Call #504,21,15-Feb-22
Call #505,25,15-Feb-22
Call #506,50,15-Feb-22
Call #507,4,15-Feb-22
Call #508,13,15-Feb-22
Call #509,4,15-Feb-22
Call #510,66,15-Feb-22
Call #511,2,15-Feb-22
Call #512,33,15-Feb-22
Call #513,20,15-Feb-22
Call #514,0,15-Feb-22
Call #515,4,15-Feb-22
Call #516,12,15-Feb-22
Call #517,61,15-Feb-22
Call #518,31,15-Feb-22
Call #519,34,15-Feb-22
Call #520,63,16-Feb-22
Call #521,85,16-Feb-22
Call #522,23,16-Feb-22
Call #523,18,16-Feb-22
Call #524,14,16-Feb-22
Call #525,5,16-Feb-22
Call #526,17,16-Feb-22
Call #527,19,16-Feb-22
Call #528,12,16-Feb-22
Call #529,37,16-Feb-22
Call #530,29,16-Feb-22
Call #531,4,16-Feb-22
Call #532,35,16-Feb-22
Call #533,7,16-Feb-22
Call #534,2,16-Feb-22
Call #535,13,16-Feb-22
Call #536,28,16-Feb-22
Call #537,26,16-Feb-22
Call #538,0,16-Feb-22
Call #539,12,16-Feb-22
Call #540,25,16-Feb-22
Call #541,4,16-Feb-22
Call #542,12,16-Feb-22
Call #543,10,16-Feb-22
Call #544,13,16-Feb-22
Call #545,18,16-Feb-22
Call #546,23,17-Feb-22
Call #547,14,17-Feb-22
Call #548,309,17-Feb-22
Call #549,297,17-Feb-22
Call #550,13,17-Feb-22
Call #551,19,17-Feb-22
Call #552,23,17-Feb-22
Call #553,4,17-Feb-22
Call #554,14,17-Feb-22
Call #555,29,17-Feb-22
Call #556,15,17-Feb-22
Call #557,4,17-Feb-22
Call #558,108,17-Feb-22
Call #559,27,17-Feb-22
Call #560,0,17-Feb-22
Call #561,30,17-Feb-22
Call #562,9,17-Feb-22
Call #563,31,17-Feb-22
Call #564,0,17-Feb-22
Call #565,7,17-Feb-22
Call #566,9,17-Feb-22
Call #567,4,18-Feb-22
Call #568,28,18-Feb-22
Call #569,4,18-Feb-22
Call #570,27,18-Feb-22
Call #571,147,18-Feb-22
Call #572,185,18-Feb-22
Call #573,48,18-Feb-22
Call #574,2,18-Feb-22
Call #575,29,18-Feb-22
Call #576,9,18-Feb-22
Call #577,1,18-Feb-22
Call #578,11,18-Feb-22
Call #579,62,18-Feb-22
Call #580,19,18-Feb-22
Call #581,0,18-Feb-22
Call #582,9,18-Feb-22
Call #583,33,18-Feb-22
Call #584,1,18-Feb-22
Call #585,44,18-Feb-22
Call #586,4,18-Feb-22
Call #587,22,18-Feb-22
Call #588,23,18-Feb-22
Call #589,18,18-Feb-22
Call #590,51,18-Feb-22
Call #591,11,18-Feb-22
Call #592,1,18-Feb-22
Call #593,36,18-Feb-22
Call #594,13,18-Feb-22
Call #595,9,19-Feb-22
Call #596,0,19-Feb-22
Call #597,0,19-Feb-22
Call #598,12,19-Feb-22
Call #599,7,19-Feb-22
Call #600,22,20-Feb-22
Call #601,1,20-Feb-22
Call #602,36,20-Feb-22
Call #603,0,21-Feb-22
Call #604,190,21-Feb-22
Call #605,1,21-Feb-22
Call #606,13,21-Feb-22
Call #607,5,21-Feb-22
Call #608,16,21-Feb-22
Call #609,34,21-Feb-22
Call #610,0,21-Feb-22
Call #611,32,21-Feb-22
Call #612,169,21-Feb-22
Call #613,27,21-Feb-22
Call #614,19,21-Feb-22
Call #615,137,21-Feb-22
Call #616,46,21-Feb-22
Call #617,22,21-Feb-22
Call #618,12,22-Feb-22
Call #619,1,22-Feb-22
Call #620,128,22-Feb-22
Call #621,37,22-Feb-22
Call #622,9,22-Feb-22
Call #623,4,22-Feb-22
Call #624,30,22-Feb-22
Call #625,8,22-Feb-22
Call #626,23,22-Feb-22
Call #627,24,22-Feb-22
Call #628,25,22-Feb-22
Call #629,24,22-Feb-22
Call #630,22,22-Feb-22
Call #631,34,22-Feb-22
Call #632,3,22-Feb-22
Call #633,17,22-Feb-22
Call #634,39,22-Feb-22
Call #635,14,22-Feb-22
Call #636,8,22-Feb-22
Call #637,15,22-Feb-22
Call #638,1,22-Feb-22
Call #639,50,23-Feb-22
Call #640,26,23-Feb-22
Call #641,19,23-Feb-22
Call #642,11,23-Feb-22
Call #643,23,23-Feb-22
Call #644,0,23-Feb-22
Call #645,54,23-Feb-22
Call #646,16,23-Feb-22
Call #647,5,23-Feb-22
Call #648,235,23-Feb-22
Call #649,0,23-Feb-22
Call #650,1,23-Feb-22
Call #651,1,23-Feb-22
Call #652,9,23-Feb-22
Call #653,1,23-Feb-22
Call #654,23,23-Feb-22
Call #655,58,23-Feb-22
Call #656,8,23-Feb-22
Call #657,0,23-Feb-22
Call #658,36,23-Feb-22
Call #659,20,23-Feb-22
Call #660,4,23-Feb-22
Call #661,11,23-Feb-22
Call #662,5,23-Feb-22
Call #663,2,23-Feb-22
Call #664,4,23-Feb-22
Call #665,54,23-Feb-22
Call #666,15,23-Feb-22
Call #667,8,24-Feb-22
Call #668,9,24-Feb-22
Call #669,1,24-Feb-22
Call #670,26,24-Feb-22
Call #671,7,24-Feb-22
Call #672,29,24-Feb-22
Call #673,28,24-Feb-22
Call #674,13,24-Feb-22
Call #675,30,24-Feb-22
Call #676,14,24-Feb-22
Call #677,1,24-Feb-22
Call #678,1,24-Feb-22
Call #679,60,24-Feb-22
Call #680,1,24-Feb-22
Call #681,117,24-Feb-22
Call #682,214,24-Feb-22
Call #683,30,24-Feb-22
Call #684,119,24-Feb-22
Call #685,23,24-Feb-22
Call #686,16,24-Feb-22
Call #687,134,24-Feb-22
Call #688,32,24-Feb-22
Call #689,6,24-Feb-22
Call #690,39,24-Feb-22
Call #691,7,25-Feb-22
Call #692,9,25-Feb-22
Call #693,12,25-Feb-22
Call #694,9,25-Feb-22
Call #695,33,25-Feb-22
Call #696,14,25-Feb-22
Call #697,1,25-Feb-22
Call #698,1,25-Feb-22
Call #699,7,25-Feb-22
Call #700,5,25-Feb-22
Call #701,8,25-Feb-22
Call #702,22,25-Feb-22
Call #703,2,25-Feb-22
Call #704,13,25-Feb-22
Call #705,18,25-Feb-22
Call #706,13,25-Feb-22
Call #707,2,25-Feb-22
Call #708,7,25-Feb-22
Call #709,32,25-Feb-22
Call #710,18,25-Feb-22
Call #711,0,25-Feb-22
Call #712,30,25-Feb-22
Call #713,0,25-Feb-22
Call #714,15,25-Feb-22
Call #715,1,25-Feb-22
Call #716,39,25-Feb-22
Call #717,40,26-Feb-22
Call #718,21,26-Feb-22
Call #719,13,27-Feb-22
Call #720,22,27-Feb-22
Call #721,1,27-Feb-22
Call #722,1,28-Feb-22
Call #723,92,28-Feb-22
Call #724,10,28-Feb-22
Call #725,17,28-Feb-22
Call #726,4,28-Feb-22
Call #727,84,28-Feb-22
Call #728,8,28-Feb-22
Call #729,21,28-Feb-22
Call #730,38,28-Feb-22
Call #731,21,28-Feb-22
Call #732,0,28-Feb-22
Call #733,9,28-Feb-22
Call #734,20,28-Feb-22
Call #735,10,28-Feb-22
Call #736,25,28-Feb-22
Call #737,0,28-Feb-22
Call #738,52,28-Feb-22
Call #739,49,28-Feb-22
Call #740,15,28-Feb-22
Call #741,173,28-Feb-22
Call #742,9,28-Feb-22
Call #743,23,28-Feb-22
Call #744,18,28-Feb-22
Call #745,12,28-Feb-22
Call #746,25,28-Feb-22
Call #747,20,28-Feb-22
Call #748,19,28-Feb-22
Call #749,6,28-Feb-22
Call #750,3,28-Feb-22
Call #751,3,28-Feb-22
Call #752,16,28-Feb-22
Call #753,26,28-Feb-22
Call #754,67,28-Feb-22
Call #755,5,28-Feb-22
Call #756,5,1-Mar-22
Call #757,0,1-Mar-22
Call #758,20,1-Mar-22
Call #759,0,1-Mar-22
Call #760,1,1-Mar-22
Call #761,5,1-Mar-22
Call #762,18,1-Mar-22
Call #763,1,1-Mar-22
Call #764,0,1-Mar-22
Call #765,26,1-Mar-22
Call #766,9,1-Mar-22
Call #767,0,1-Mar-22
Call #768,305,1-Mar-22
Call #769,37,1-Mar-22
Call #770,6,1-Mar-22
Call #771,5,1-Mar-22
Call #772,12,1-Mar-22
Call #773,45,1-Mar-22
Call #774,33,1-Mar-22
Call #775,13,1-Mar-22
Call #776,148,1-Mar-22
Call #777,3,1-Mar-22
Call #778,8,1-Mar-22
Call #779,19,1-Mar-22
Call #780,25,1-Mar-22
Call #781,20,1-Mar-22
Call #782,31,1-Mar-22
Call #783,16,1-Mar-22
Call #784,9,1-Mar-22
Call #785,32,1-Mar-22
Call #786,11,1-Mar-22
Call #787,18,1-Mar-22
Call #788,22,1-Mar-22
Call #789,42,1-Mar-22
Call #790,3,1-Mar-22
Call #791,9,1-Mar-22
Call #792,21,1-Mar-22
Call #793,79,2-Mar-22
Call #794,18,2-Mar-22
Call #795,9,2-Mar-22
Call #796,35,2-Mar-22
Call #797,6,2-Mar-22
Call #798,65,2-Mar-22
Call #799,4,2-Mar-22
Call #800,32,2-Mar-22
Call #801,17,2-Mar-22
Call #802,30,2-Mar-22
Call #803,9,2-Mar-22
Call #804,73,2-Mar-22
Call #805,2,2-Mar-22
Call #806,26,2-Mar-22
Call #807,1,2-Mar-22
Call #808,26,2-Mar-22
Call #809,34,2-Mar-22
Call #810,13,2-Mar-22
Call #811,30,2-Mar-22
Call #812,9,2-Mar-22
Call #813,36,2-Mar-22
Call #814,12,2-Mar-22
Call #815,19,2-Mar-22
Call #816,21,2-Mar-22
Call #817,3,2-Mar-22
Call #818,4,3-Mar-22
Call #819,24,3-Mar-22
Call #820,0,3-Mar-22
Call #821,38,3-Mar-22
Call #822,0,3-Mar-22
Call #823,14,3-Mar-22
Call #824,19,3-Mar-22
Call #825,44,3-Mar-22
Call #826,9,3-Mar-22
Call #827,5,3-Mar-22
Call #828,7,3-Mar-22
Call #829,14,3-Mar-22
Call #830,7,3-Mar-22
Call #831,8,3-Mar-22
Call #832,1,3-Mar-22
Call #833,45,3-Mar-22
Call #834,130,3-Mar-22
Call #835,25,3-Mar-22
Call #836,22,3-Mar-22
Call #837,0,3-Mar-22
Call #838,43,3-Mar-22
Call #839,25,3-Mar-22
Call #840,14,3-Mar-22
Call #841,1,3-Mar-22
Call #842,31,3-Mar-22
Call #843,14,3-Mar-22
Call #844,39,3-Mar-22
Call #845,108,3-Mar-22
Call #846,69,3-Mar-22
Call #847,37,3-Mar-22
Call #848,3,3-Mar-22
Call #849,12,3-Mar-22
Call #850,4,3-Mar-22
Call #851,0,4-Mar-22
Call #852,231,4-Mar-22
Call #853,11,4-Mar-22
Call #854,38,4-Mar-22
Call #855,0,4-Mar-22
Call #856,5,4-Mar-22
Call #857,10,4-Mar-22
Call #858,30,4-Mar-22
Call #859,7,4-Mar-22
Call #860,47,4-Mar-22
Call #861,26,4-Mar-22
Call #862,0,4-Mar-22
Call #863,14,4-Mar-22
Call #864,0,4-Mar-22
Call #865,53,4-Mar-22
Call #866,71,4-Mar-22
Call #867,14,4-Mar-22
Call #868,0,4-Mar-22
Call #869,4,4-Mar-22
Call #870,33,4-Mar-22
Call #871,6,4-Mar-22
Call #872,0,4-Mar-22
Call #873,3,4-Mar-22
Call #874,49,4-Mar-22
Call #875,1,4-Mar-22
Call #876,89,4-Mar-22
Call #877,2,4-Mar-22
Call #878,4,4-Mar-22
Call #879,61,4-Mar-22
Call #880,12,4-Mar-22
Call #881,1,5-Mar-22
Call #882,2,5-Mar-22
Call #883,0,5-Mar-22
Call #884,9,5-Mar-22
Call #885,27,5-Mar-22
Call #886,18,5-Mar-22
Call #887,4,6-Mar-22
Call #888,4,6-Mar-22
Call #889,25,6-Mar-22
Call #890,9,6-Mar-22
Call #891,5,6-Mar-22
Call #892,0,7-Mar-22
Call #893,0,7-Mar-22
Call #894,20,7-Mar-22
Call #895,5,7-Mar-22
Call #896,16,7-Mar-22
Call #897,4,7-Mar-22
Call #898,50,7-Mar-22
Call #899,12,7-Mar-22
Call #900,1,7-Mar-22
Call #901,0,7-Mar-22
Call #902,10,7-Mar-22
Call #903,41,7-Mar-22
Call #904,41,7-Mar-22
Call #905,25,7-Mar-22
Call #906,3,7-Mar-22
Call #907,1,7-Mar-22
Call #908,28,7-Mar-22
Call #909,28,7-Mar-22
Call #910,253,7-Mar-22
Call #911,2,7-Mar-22
Call #912,2,7-Mar-22
Call #913,4,7-Mar-22
Call #914,37,7-Mar-22
Call #915,5,7-Mar-22
Call #916,19,7-Mar-22
Call #917,36,7-Mar-22
Call #918,27,7-Mar-22
Call #919,26,7-Mar-22
Call #920,2,7-Mar-22
Call #921,15,7-Mar-22
Call #922,11,7-Mar-22
Call #923,11,8-Mar-22
Call #924,5,8-Mar-22
Call #925,25,8-Mar-22
Call #926,14,8-Mar-22
Call #927,48,8-Mar-22
Call #928,143,8-Mar-22
Call #929,45,8-Mar-22
Call #930,49,8-Mar-22
Call #931,18,8-Mar-22
Call #932,1,8-Mar-22
Call #933,10,8-Mar-22
Call #934,5,8-Mar-22
Call #935,19,8-Mar-22
Call #936,0,8-Mar-22
Call #937,120,8-Mar-22
Call #938,19,8-Mar-22
Call #939,10,8-Mar-22
Call #940,16,8-Mar-22
Call #941,127,8-Mar-22
Call #942,10,8-Mar-22
Call #943,31,8-Mar-22
Call #944,9,8-Mar-22
Call #945,10,9-Mar-22
Call #946,129,9-Mar-22
Call #947,1,9-Mar-22
Call #948,29,9-Mar-22
Call #949,5,9-Mar-22
Call #950,31,9-Mar-22
Call #951,105,9-Mar-22
Call #952,60,9-Mar-22
Call #953,11,9-Mar-22
Call #954,9,9-Mar-22
Call #955,13,9-Mar-22
Call #956,12,9-Mar-22
Call #957,111,9-Mar-22
Call #958,22,9-Mar-22
Call #959,13,9-Mar-22
Call #960,3,9-Mar-22
Call #961,8,9-Mar-22
Call #962,16,9-Mar-22
Call #963,76,9-Mar-22
Call #964,22,9-Mar-22
Call #965,12,9-Mar-22
Call #966,2,9-Mar-22
Call #967,10,9-Mar-22
Call #968,7,9-Mar-22
Call #969,6,9-Mar-22
Call #970,5,9-Mar-22
Call #971,57,10-Mar-22
Call #972,6,10-Mar-22
Call #973,0,10-Mar-22
Call #974,31,10-Mar-22
Call #975,98,10-Mar-22
Call #976,53,10-Mar-22
Call #977,0,10-Mar-22
Call #978,18,10-Mar-22
Call #979,3,10-Mar-22
Call #980,23,10-Mar-22
Call #981,12,10-Mar-22
Call #982,34,10-Mar-22
Call #983,2,10-Mar-22
Call #984,18,10-Mar-22
Call #985,99,10-Mar-22
Call #986,51,10-Mar-22
Call #987,1,10-Mar-22
Call #988,2,10-Mar-22
Call #989,17,10-Mar-22
Call #990,6,10-Mar-22
Call #991,26,10-Mar-22
Call #992,3,10-Mar-22
Call #993,101,10-Mar-22
Call #994,13,10-Mar-22
Call #995,2,10-Mar-22
Call #996,61,10-Mar-22
Call #997,2,10-Mar-22
Call #998,7,10-Mar-22
Call #999,6,10-Mar-22
Call #1000,59,10-Mar-22
Call #1001,10,10-Mar-22
Call #1002,42,10-Mar-22
Call #1003,22,10-Mar-22
Call #1004,4,10-Mar-22
Call #1005,9,10-Mar-22
Call #1006,23,10-Mar-22
Call #1007,3,10-Mar-22
Call #1008,9,10-Mar-22
Call #1009,17,11-Mar-22
Call #1010,11,11-Mar-22
Call #1011,13,11-Mar-22
Call #1012,320,11-Mar-22
Call #1013,1,11-Mar-22
Call #1014,53,11-Mar-22
Call #1015,16,11-Mar-22
Call #1016,7,11-Mar-22
Call #1017,74,11-Mar-22
Call #1018,1,11-Mar-22
Call #1019,10,11-Mar-22
Call #1020,13,11-Mar-22
Call #1021,21,11-Mar-22
Call #1022,0,11-Mar-22
Call #1023,47,11-Mar-22
Call #1024,113,11-Mar-22
Call #1025,14,11-Mar-22
Call #1026,14,11-Mar-22
Call #1027,18,11-Mar-22
Call #1028,37,12-Mar-22
Call #1029,0,12-Mar-22
Call #1030,1,12-Mar-22
Call #1031,17,12-Mar-22
Call #1032,5,13-Mar-22
Call #1033,6,13-Mar-22
Call #1034,0,14-Mar-22
Call #1035,91,14-Mar-22
Call #1036,22,14-Mar-22
Call #1037,2,14-Mar-22
Call #1038,122,14-Mar-22
Call #1039,18,14-Mar-22
Call #1040,37,14-Mar-22
Call #1041,3,14-Mar-22
Call #1042,24,14-Mar-22
Call #1043,1,14-Mar-22
Call #1044,235,14-Mar-22
Call #1045,81,14-Mar-22
Call #1046,54,14-Mar-22
Call #1047,0,14-Mar-22
Call #1048,24,14-Mar-22
Call #1049,9,14-Mar-22
Call #1050,6,14-Mar-22
Call #1051,2,14-Mar-22
Call #1052,16,14-Mar-22
Call #1053,8,14-Mar-22
Call #1054,23,14-Mar-22
Call #1055,6,14-Mar-22
Call #1056,34,14-Mar-22
Call #1057,3,14-Mar-22
Call #1058,12,14-Mar-22
Call #1059,0,14-Mar-22
Call #1060,125,14-Mar-22
Call #1061,1,14-Mar-22
Call #1062,7,14-Mar-22
Call #1063,86,14-Mar-22
Call #1064,7,14-Mar-22
Call #1065,9,14-Mar-22
Call #1066,30,14-Mar-22
Call #1067,52,14-Mar-22
Call #1068,6,14-Mar-22
Call #1069,8,14-Mar-22
Call #1070,16,14-Mar-22
Call #1071,5,14-Mar-22
Call #1072,21,14-Mar-22
Call #1073,4,14-Mar-22
Call #1074,6,14-Mar-22
Call #1075,11,14-Mar-22
Call #1076,9,14-Mar-22
Call #1077,3,14-Mar-22
Call #1078,7,14-Mar-22
Call #1079,2,15-Mar-22
Call #1080,14,15-Mar-22
Call #1081,1,15-Mar-22
Call #1082,24,15-Mar-22
Call #1083,32,15-Mar-22
Call #1084,1,15-Mar-22
Call #1085,25,15-Mar-22
Call #1086,0,15-Mar-22
Call #1087,54,15-Mar-22
Call #1088,30,15-Mar-22
Call #1089,21,15-Mar-22
Call #1090,4,15-Mar-22
Call #1091,57,15-Mar-22
Call #1092,22,15-Mar-22
Call #1093,1,15-Mar-22
Call #1094,3,15-Mar-22
Call #1095,104,15-Mar-22
Call #1096,22,15-Mar-22
Call #1097,52,15-Mar-22
Call #1098,10,15-Mar-22
Call #1099,22,15-Mar-22
Call #1100,9,15-Mar-22
Call #1101,1,15-Mar-22
Call #1102,8,15-Mar-22
Call #1103,8,15-Mar-22
Call #1104,3,15-Mar-22
Call #1105,19,15-Mar-22
Call #1106,13,15-Mar-22
Call #1107,18,15-Mar-22
Call #1108,7,15-Mar-22
Call #1109,10,15-Mar-22
Call #1110,17,15-Mar-22
Call #1111,10,15-Mar-22
Call #1112,83,15-Mar-22
Call #1113,44,15-Mar-22
Call #1114,4,15-Mar-22
Call #1115,31,15-Mar-22
Call #1116,16,15-Mar-22
Call #1117,11,15-Mar-22
Call #1118,14,15-Mar-22
Call #1119,7,15-Mar-22
Call #1120,4,15-Mar-22
Call #1121,50,16-Mar-22
Call #1122,47,16-Mar-22
Call #1123,1,16-Mar-22
Call #1124,5,16-Mar-22
Call #1125,16,16-Mar-22
Call #1126,18,16-Mar-22
Call #1127,11,16-Mar-22
Call #1128,9,16-Mar-22
Call #1129,19,16-Mar-22
Call #1130,11,16-Mar-22
Call #1131,24,16-Mar-22
Call #1132,24,16-Mar-22
Call #1133,7,16-Mar-22
Call #1134,7,16-Mar-22
Call #1135,116,16-Mar-22
Call #1136,28,16-Mar-22
Call #1137,1,16-Mar-22
Call #1138,12,16-Mar-22
Call #1139,156,17-Mar-22
Call #1140,0,17-Mar-22
Call #1141,177,17-Mar-22
Call #1142,9,17-Mar-22
Call #1143,88,17-Mar-22
Call #1144,1,17-Mar-22
Call #1145,3,17-Mar-22
Call #1146,37,17-Mar-22
Call #1147,12,17-Mar-22
Call #1148,26,17-Mar-22
Call #1149,5,17-Mar-22
Call #1150,12,17-Mar-22
Call #1151,1,17-Mar-22
Call #1152,52,17-Mar-22
Call #1153,1,17-Mar-22
Call #1154,36,17-Mar-22
Call #1155,6,17-Mar-22
Call #1156,19,17-Mar-22
Call #1157,3,17-Mar-22
Call #1158,1,17-Mar-22
Call #1159,1,17-Mar-22
Call #1160,30,17-Mar-22
Call #1161,1,17-Mar-22
Call #1162,14,17-Mar-22
Call #1163,12,17-Mar-22
Call #1164,26,17-Mar-22
Call #1165,22,17-Mar-22
Call #1166,4,17-Mar-22
Call #1167,15,18-Mar-22
Call #1168,0,18-Mar-22
Call #1169,1,18-Mar-22
Call #1170,25,18-Mar-22
Call #1171,31,18-Mar-22
Call #1172,1,18-Mar-22
Call #1173,91,18-Mar-22
Call #1174,8,18-Mar-22
Call #1175,16,18-Mar-22
Call #1176,8,18-Mar-22
Call #1177,18,18-Mar-22
Call #1178,0,18-Mar-22
Call #1179,1,18-Mar-22
Call #1180,9,18-Mar-22
Call #1181,259,18-Mar-22
Call #1182,66,18-Mar-22
Call #1183,21,18-Mar-22
Call #1184,20,18-Mar-22
Call #1185,5,18-Mar-22
Call #1186,14,18-Mar-22
Call #1187,15,18-Mar-22
Call #1188,26,18-Mar-22
Call #1189,3,18-Mar-22
Call #1190,25,18-Mar-22
Call #1191,2,18-Mar-22
Call #1192,11,18-Mar-22
Call #1193,5,18-Mar-22
Call #1194,11,18-Mar-22
Call #1195,1,18-Mar-22
Call #1196,3,18-Mar-22
Call #1197,65,18-Mar-22
Call #1198,4,18-Mar-22
Call #1199,16,18-Mar-22
Call #1200,32,18-Mar-22
Call #1201,16,18-Mar-22
Call #1202,23,18-Mar-22
Call #1203,6,18-Mar-22
Call #1204,20,18-Mar-22
Call #1205,13,18-Mar-22
Call #1206,32,18-Mar-22
Call #1207,18,18-Mar-22
Call #1208,5,19-Mar-22
Call #1209,57,19-Mar-22
Call #1210,9,19-Mar-22
Call #1211,0,19-Mar-22
Call #1212,13,19-Mar-22
Call #1213,20,19-Mar-22
Call #1214,0,19-Mar-22
Call #1215,3,19-Mar-22
Call #1216,7,19-Mar-22
Call #1217,23,19-Mar-22
Call #1218,1,20-Mar-22
Call #1219,20,20-Mar-22
Call #1220,7,20-Mar-22
Call #1221,4,21-Mar-22
Call #1222,29,21-Mar-22
Call #1223,24,21-Mar-22
Call #1224,2,21-Mar-22
Call #1225,1,21-Mar-22
Call #1226,25,21-Mar-22
Call #1227,18,21-Mar-22
Call #1228,11,21-Mar-22
Call #1229,0,21-Mar-22
Call #1230,1,21-Mar-22
Call #1231,1,21-Mar-22
Call #1232,36,21-Mar-22
Call #1233,8,21-Mar-22
Call #1234,11,21-Mar-22
Call #1235,198,21-Mar-22
Call #1236,22,21-Mar-22
Call #1237,20,21-Mar-22
Call #1238,2,21-Mar-22
Call #1239,3,21-Mar-22
Call #1240,3,21-Mar-22
Call #1241,1,21-Mar-22
Call #1242,63,21-Mar-22
Call #1243,3,21-Mar-22
Call #1244,22,21-Mar-22
Call #1245,16,21-Mar-22
Call #1246,10,21-Mar-22
Call #1247,67,21-Mar-22
Call #1248,38,21-Mar-22
Call #1249,16,21-Mar-22
Call #1250,9,21-Mar-22
Call #1251,16,21-Mar-22
Call #1252,7,21-Mar-22
Call #1253,15,22-Mar-22
Call #1254,1,22-Mar-22
Call #1255,8,22-Mar-22
Call #1256,13,22-Mar-22
Call #1257,1,22-Mar-22
Call #1258,8,22-Mar-22
Call #1259,18,22-Mar-22
Call #1260,107,22-Mar-22
Call #1261,6,22-Mar-22
Call #1262,16,22-Mar-22
Call #1263,12,22-Mar-22
Call #1264,18,22-Mar-22
Call #1265,20,22-Mar-22
Call #1266,22,22-Mar-22
Call #1267,13,22-Mar-22
Call #1268,221,22-Mar-22
Call #1269,14,22-Mar-22
Call #1270,54,22-Mar-22
Call #1271,4,22-Mar-22
Call #1272,19,22-Mar-22
Call #1273,11,22-Mar-22
Call #1274,8,22-Mar-22
Call #1275,2,22-Mar-22
Call #1276,26,22-Mar-22
Call #1277,2,22-Mar-22
Call #1278,20,22-Mar-22
Call #1279,4,22-Mar-22
Call #1280,6,22-Mar-22
Call #1281,21,23-Mar-22
Call #1282,2,23-Mar-22
Call #1283,77,23-Mar-22
Call #1284,23,23-Mar-22
Call #1285,1,23-Mar-22
Call #1286,11,23-Mar-22
Call #1287,14,23-Mar-22
Call #1288,31,23-Mar-22
Call #1289,28,23-Mar-22
Call #1290,13,23-Mar-22
Call #1291,26,23-Mar-22
Call #1292,17,23-Mar-22
Call #1293,30,23-Mar-22
Call #1294,14,23-Mar-22
Call #1295,12,23-Mar-22
Call #1296,0,23-Mar-22
Call #1297,13,23-Mar-22
Call #1298,17,23-Mar-22
Call #1299,2,23-Mar-22
Call #1300,34,23-Mar-22
Call #1301,2,24-Mar-22
Call #1302,8,24-Mar-22
Call #1303,3,24-Mar-22
Call #1304,23,24-Mar-22
Call #1305,58,24-Mar-22
Call #1306,33,24-Mar-22
Call #1307,27,24-Mar-22
Call #1308,28,24-Mar-22
Call #1309,19,24-Mar-22
Call #1310,0,24-Mar-22
Call #1311,8,24-Mar-22
Call #1312,0,24-Mar-22
Call #1313,4,24-Mar-22
Call #1314,7,24-Mar-22
Call #1315,15,24-Mar-22
Call #1316,25,24-Mar-22
Call #1317,14,24-Mar-22
Call #1318,35,24-Mar-22
Call #1319,18,24-Mar-22
Call #1320,17,24-Mar-22
Call #1321,5,24-Mar-22
Call #1322,9,24-Mar-22
Call #1323,11,24-Mar-22
Call #1324,4,24-Mar-22
Call #1325,0,24-Mar-22
Call #1326,29,24-Mar-22
Call #1327,34,24-Mar-22
Call #1328,16,25-Mar-22
Call #1329,0,25-Mar-22
Call #1330,184,25-Mar-22
Call #1331,26,25-Mar-22
Call #1332,8,25-Mar-22
Call #1333,1,25-Mar-22
Call #1334,26,25-Mar-22
Call #1335,7,25-Mar-22
Call #1336,5,25-Mar-22
Call #1337,2,25-Mar-22
Call #1338,19,25-Mar-22
Call #1339,3,25-Mar-22
Call #1340,58,25-Mar-22
Call #1341,50,25-Mar-22
Call #1342,17,25-Mar-22
Call #1343,29,25-Mar-22
Call #1344,4,25-Mar-22
Call #1345,4,25-Mar-22
Call #1346,10,25-Mar-22
Call #1347,12,26-Mar-22
Call #1348,15,26-Mar-22
Call #1349,9,26-Mar-22
Call #1350,1,26-Mar-22
Call #1351,42,26-Mar-22
Call #1352,1,26-Mar-22
Call #1353,1,26-Mar-22
Call #1354,18,26-Mar-22
Call #1355,9,26-Mar-22
Call #1356,18,26-Mar-22
Call #1357,9,27-Mar-22
Call #1358,24,27-Mar-22
Call #1359,4,28-Mar-22
Call #1360,30,28-Mar-22
Call #1361,7,28-Mar-22
Call #1362,24,28-Mar-22
Call #1363,13,28-Mar-22
Call #1364,11,28-Mar-22
Call #1365,10,28-Mar-22
Call #1366,188,28-Mar-22
Call #1367,8,28-Mar-22
Call #1368,24,28-Mar-22
Call #1369,18,28-Mar-22
Call #1370,0,28-Mar-22
Call #1371,18,28-Mar-22
Call #1372,1,28-Mar-22
Call #1373,0,28-Mar-22
Call #1374,17,28-Mar-22
Call #1375,5,28-Mar-22
Call #1376,0,28-Mar-22
Call #1377,12,28-Mar-22
Call #1378,2,28-Mar-22
Call #1379,15,28-Mar-22
Call #1380,13,28-Mar-22
Call #1381,19,28-Mar-22
Call #1382,3,29-Mar-22
Call #1383,22,29-Mar-22
Call #1384,10,29-Mar-22
Call #1385,2,29-Mar-22
Call #1386,5,29-Mar-22
Call #1387,19,29-Mar-22
Call #1388,25,29-Mar-22
Call #1389,21,29-Mar-22
Call #1390,8,29-Mar-22
Call #1391,5,29-Mar-22
Call #1392,10,29-Mar-22
Call #1393,21,29-Mar-22
Call #1394,93,29-Mar-22
Call #1395,0,29-Mar-22
Call #1396,1,29-Mar-22
Call #1397,24,29-Mar-22
Call #1398,62,29-Mar-22
Call #1399,33,29-Mar-22
Call #1400,7,29-Mar-22
Call #1401,2,29-Mar-22
Call #1402,21,29-Mar-22
Call #1403,0,30-Mar-22
Call #1404,9,30-Mar-22
Call #1405,8,30-Mar-22
Call #1406,18,30-Mar-22
Call #1407,14,30-Mar-22
Call #1408,16,30-Mar-22
Call #1409,3,30-Mar-22
Call #1410,1,30-Mar-22
Call #1411,1,30-Mar-22
Call #1412,1,30-Mar-22
Call #1413,47,30-Mar-22
Call #1414,2,30-Mar-22
Call #1415,374,30-Mar-22
Call #1416,2,30-Mar-22
Call #1417,12,30-Mar-22
Call #1418,9,30-Mar-22
Call #1419,13,30-Mar-22
Call #1420,1,30-Mar-22
Call #1421,0,30-Mar-22
Call #1422,1,30-Mar-22
Call #1423,5,30-Mar-22
Call #1424,2,30-Mar-22
Call #1425,7,30-Mar-22
Call #1426,6,30-Mar-22
Call #1427,19,30-Mar-22
Call #1428,8,31-Mar-22
Call #1429,35,31-Mar-22
Call #1430,33,31-Mar-22
Call #1431,7,31-Mar-22
Call #1432,10,31-Mar-22
Call #1433,1,31-Mar-22
Call #1434,24,31-Mar-22
Call #1435,5,31-Mar-22
Call #1436,39,31-Mar-22
Call #1437,8,31-Mar-22
Call #1438,1,31-Mar-22
Call #1439,26,31-Mar-22
Call #1440,20,31-Mar-22
Call #1441,134,31-Mar-22
Call #1442,13,31-Mar-22
Call #1443,1,31-Mar-22
Call #1444,44,31-Mar-22
Call #1445,157,31-Mar-22
Call #1446,51,31-Mar-22
Call #1447,1,31-Mar-22
Call #1448,21,31-Mar-22
Call #1449,16,31-Mar-22
Call #1450,1,31-Mar-22
Call #1451,55,31-Mar-22
Call #1452,151,31-Mar-22
Call #1453,2,31-Mar-22
Call #1454,4,1-Apr-22
Call #1455,20,1-Apr-22
Call #1456,43,1-Apr-22
Call #1457,32,1-Apr-22
Call #1458,5,1-Apr-22
Call #1459,16,1-Apr-22
Call #1460,1,1-Apr-22
Call #1461,15,1-Apr-22
Call #1462,2,1-Apr-22
Call #1463,10,1-Apr-22
Call #1464,17,1-Apr-22
Call #1465,24,1-Apr-22
Call #1466,138,1-Apr-22
Call #1467,20,1-Apr-22
Call #1468,14,1-Apr-22
Call #1469,13,1-Apr-22
Call #1470,9,1-Apr-22
Call #1471,21,1-Apr-22
Call #1472,37,1-Apr-22
Call #1473,33,1-Apr-22
Call #1474,5,2-Apr-22
Call #1475,19,2-Apr-22
Call #1476,0,2-Apr-22
Call #1477,36,2-Apr-22
Call #1478,4,2-Apr-22
Call #1479,9,2-Apr-22
Call #1480,14,3-Apr-22
Call #1481,7,3-Apr-22
Call #1482,10,3-Apr-22
Call #1483,0,4-Apr-22
Call #1484,6,4-Apr-22
Call #1485,10,4-Apr-22
Call #1486,7,4-Apr-22
Call #1487,14,4-Apr-22
Call #1488,1,4-Apr-22
Call #1489,213,4-Apr-22
Call #1490,10,4-Apr-22
Call #1491,6,4-Apr-22
Call #1492,9,4-Apr-22
Call #1493,9,4-Apr-22
Call #1494,7,4-Apr-22
Call #1495,9,4-Apr-22
Call #1496,5,4-Apr-22
Call #1497,77,4-Apr-22
Call #1498,27,4-Apr-22
Call #1499,82,4-Apr-22
Call #1500,4,4-Apr-22
Call #1501,2,4-Apr-22
Call #1502,14,4-Apr-22
Call #1503,11,4-Apr-22
Call #1504,4,4-Apr-22
Call #1505,3,4-Apr-22
Call #1506,2,4-Apr-22
Call #1507,18,4-Apr-22
Call #1508,10,4-Apr-22
Call #1509,8,4-Apr-22
Call #1510,2,4-Apr-22
Call #1511,1,4-Apr-22
Call #1512,21,4-Apr-22
Call #1513,0,4-Apr-22
Call #1514,17,4-Apr-22
Call #1515,42,4-Apr-22
Call #1516,9,4-Apr-22
Call #1517,10,4-Apr-22
Call #1518,27,4-Apr-22
Call #1519,27,4-Apr-22
Call #1520,6,4-Apr-22
Call #1521,1,4-Apr-22
Call #1522,77,4-Apr-22
Call #1523,16,4-Apr-22
Call #1524,45,5-Apr-22
Call #1525,154,5-Apr-22
Call #1526,8,5-Apr-22
Call #1527,17,5-Apr-22
Call #1528,17,5-Apr-22
Call #1529,20,5-Apr-22
Call #1530,30,5-Apr-22
Call #1531,11,5-Apr-22
Call #1532,20,5-Apr-22
Call #1533,15,5-Apr-22
Call #1534,29,5-Apr-22
Call #1535,22,5-Apr-22
Call #1536,14,5-Apr-22
Call #1537,12,5-Apr-22
Call #1538,16,5-Apr-22
Call #1539,24,5-Apr-22
Call #1540,5,5-Apr-22
Call #1541,6,5-Apr-22
Call #1542,5,6-Apr-22
Call #1543,17,6-Apr-22
Call #1544,7,6-Apr-22
Call #1545,11,6-Apr-22
Call #1546,3,6-Apr-22
Call #1547,8,6-Apr-22
Call #1548,15,6-Apr-22
Call #1549,13,6-Apr-22
Call #1550,15,6-Apr-22
Call #1551,94,6-Apr-22
Call #1552,27,6-Apr-22
Call #1553,11,6-Apr-22
Call #1554,2,6-Apr-22
Call #1555,13,6-Apr-22
Call #1556,21,6-Apr-22
Call #1557,5,6-Apr-22
Call #1558,1,6-Apr-22
Call #1559,17,6-Apr-22
Call #1560,28,7-Apr-22
Call #1561,4,7-Apr-22
Call #1562,2,7-Apr-22
Call #1563,0,7-Apr-22
Call #1564,0,7-Apr-22
Call #1565,2,7-Apr-22
Call #1566,1,7-Apr-22
Call #1567,9,7-Apr-22
Call #1568,26,7-Apr-22
Call #1569,13,7-Apr-22
Call #1570,120,7-Apr-22
Call #1571,1,7-Apr-22
Call #1572,2,7-Apr-22
Call #1573,21,7-Apr-22
Call #1574,22,7-Apr-22
Call #1575,4,7-Apr-22
Call #1576,7,7-Apr-22
Call #1577,18,7-Apr-22
Call #1578,33,7-Apr-22
Call #1579,22,7-Apr-22
Call #1580,0,7-Apr-22
Call #1581,13,7-Apr-22
Call #1582,22,7-Apr-22
Call #1583,2,7-Apr-22
Call #1584,6,7-Apr-22
Call #1585,20,7-Apr-22
Call #1586,19,7-Apr-22
Call #1587,4,7-Apr-22
Call #1588,1,7-Apr-22
Call #1589,113,7-Apr-22
Call #1590,9,8-Apr-22
Call #1591,15,8-Apr-22
Call #1592,9,8-Apr-22
Call #1593,9,8-Apr-22
Call #1594,30,8-Apr-22
Call #1595,40,8-Apr-22
Call #1596,37,8-Apr-22
Call #1597,17,8-Apr-22
Call #1598,1,8-Apr-22
Call #1599,10,8-Apr-22
Call #1600,26,8-Apr-22
Call #1601,9,8-Apr-22
Call #1602,4,8-Apr-22
Call #1603,43,8-Apr-22
Call #1604,6,8-Apr-22
Call #1605,0,8-Apr-22
Call #1606,5,8-Apr-22
Call #1607,13,8-Apr-22
Call #1608,3,8-Apr-22
Call #1609,1,8-Apr-22
Call #1610,37,8-Apr-22
Call #1611,3,8-Apr-22
Call #1612,12,8-Apr-22
Call #1613,5,8-Apr-22
Call #1614,1,8-Apr-22
Call #1615,1,8-Apr-22
Call #1616,4,8-Apr-22
Call #1617,0,8-Apr-22
Call #1618,13,8-Apr-22
Call #1619,9,8-Apr-22
Call #1620,4,8-Apr-22
Call #1621,3,9-Apr-22
Call #1622,21,9-Apr-22
Call #1623,16,9-Apr-22
Call #1624,21,9-Apr-22
Call #1625,14,9-Apr-22
Call #1626,0,9-Apr-22
Call #1627,1,9-Apr-22
Call #1628,28,10-Apr-22
Call #1629,1,10-Apr-22
Call #1630,17,10-Apr-22
Call #1631,13,11-Apr-22
Call #1632,382,11-Apr-22
Call #1633,47,11-Apr-22
Call #1634,11,11-Apr-22
Call #1635,40,11-Apr-22
Call #1636,3,11-Apr-22
Call #1637,28,11-Apr-22
Call #1638,21,11-Apr-22
Call #1639,0,11-Apr-22
Call #1640,0,11-Apr-22
Call #1641,16,11-Apr-22
Call #1642,8,11-Apr-22
Call #1643,138,11-Apr-22
Call #1644,31,11-Apr-22
Call #1645,4,11-Apr-22
Call #1646,64,11-Apr-22
Call #1647,10,11-Apr-22
Call #1648,10,11-Apr-22
Call #1649,9,12-Apr-22
Call #1650,9,12-Apr-22
Call #1651,31,12-Apr-22
Call #1652,15,12-Apr-22
Call #1653,1,12-Apr-22
Call #1654,1,12-Apr-22
Call #1655,21,12-Apr-22
Call #1656,39,12-Apr-22
Call #1657,7,12-Apr-22
Call #1658,1,12-Apr-22
Call #1659,8,12-Apr-22
Call #1660,14,12-Apr-22
Call #1661,59,12-Apr-22
Call #1662,93,12-Apr-22
Call #1663,10,12-Apr-22
Call #1664,0,13-Apr-22
Call #1665,38,13-Apr-22
Call #1666,4,13-Apr-22
Call #1667,1,13-Apr-22
Call #1668,9,13-Apr-22
Call #1669,20,13-Apr-22
Call #1670,22,13-Apr-22
Call #1671,19,13-Apr-22
Call #1672,40,13-Apr-22
Call #1673,46,13-Apr-22
Call #1674,54,13-Apr-22
Call #1675,17,13-Apr-22
Call #1676,31,13-Apr-22
Call #1677,11,13-Apr-22
Call #1678,1,13-Apr-22
Call #1679,1,14-Apr-22
Call #1680,6,14-Apr-22
Call #1681,1,14-Apr-22
Call #1682,5,14-Apr-22
Call #1683,9,14-Apr-22
Call #1684,8,14-Apr-22
Call #1685,23,14-Apr-22
Call #1686,24,14-Apr-22
Call #1687,1,14-Apr-22
Call #1688,115,14-Apr-22
Call #1689,53,14-Apr-22
Call #1690,11,14-Apr-22
Call #1691,2,14-Apr-22
Call #1692,25,14-Apr-22
Call #1693,4,14-Apr-22
Call #1694,0,14-Apr-22
Call #1695,8,14-Apr-22
Call #1696,13,14-Apr-22
Call #1697,0,14-Apr-22
Call #1698,13,14-Apr-22
Call #1699,13,14-Apr-22
Call #1700,5,14-Apr-22
Call #1701,4,14-Apr-22
Call #1702,11,15-Apr-22
Call #1703,95,15-Apr-22
Call #1704,24,15-Apr-22
Call #1705,27,15-Apr-22
Call #1706,22,15-Apr-22
Call #1707,189,15-Apr-22
Call #1708,10,15-Apr-22
Call #1709,17,15-Apr-22
Call #1710,26,15-Apr-22
Call #1711,2,15-Apr-22
Call #1712,21,15-Apr-22
Call #1713,12,15-Apr-22
Call #1714,0,15-Apr-22
Call #1715,1,15-Apr-22
Call #1716,5,15-Apr-22
Call #1717,7,15-Apr-22
Call #1718,2,15-Apr-22
Call #1719,4,15-Apr-22
Call #1720,1,15-Apr-22
Call #1721,0,15-Apr-22
Call #1722,3,15-Apr-22
Call #1723,36,15-Apr-22
Call #1724,1,15-Apr-22
Call #1725,27,15-Apr-22
Call #1726,16,15-Apr-22
Call #1727,27,15-Apr-22
Call #1728,20,15-Apr-22
Call #1729,1,16-Apr-22
Call #1730,11,16-Apr-22
Call #1731,14,16-Apr-22
Call #1732,10,16-Apr-22
Call #1733,16,16-Apr-22
Call #1734,6,16-Apr-22
Call #1735,10,16-Apr-22
Call #1736,13,16-Apr-22
Call #1737,17,17-Apr-22
Call #1738,0,18-Apr-22
Call #1739,1,18-Apr-22
Call #1740,128,18-Apr-22
Call #1741,57,18-Apr-22
Call #1742,45,18-Apr-22
Call #1743,0,18-Apr-22
Call #1744,1,18-Apr-22
Call #1745,2,18-Apr-22
Call #1746,17,18-Apr-22
Call #1747,5,18-Apr-22
Call #1748,29,18-Apr-22
Call #1749,104,18-Apr-22
Call #1750,99,18-Apr-22
Call #1751,9,18-Apr-22
Call #1752,22,18-Apr-22
Call #1753,10,18-Apr-22
Call #1754,1,18-Apr-22
Call #1755,31,18-Apr-22
Call #1756,1,18-Apr-22
Call #1757,0,18-Apr-22
Call #1758,1,18-Apr-22
Call #1759,1,18-Apr-22
Call #1760,10,18-Apr-22
Call #1761,1,18-Apr-22
Call #1762,4,18-Apr-22
Call #1763,0,18-Apr-22
Call #1764,26,18-Apr-22
Call #1765,35,18-Apr-22
Call #1766,74,18-Apr-22
Call #1767,5,18-Apr-22
Call #1768,7,18-Apr-22
Call #1769,9,19-Apr-22
Call #1770,5,19-Apr-22
Call #1771,22,19-Apr-22
Call #1772,1,19-Apr-22
Call #1773,29,19-Apr-22
Call #1774,8,19-Apr-22
Call #1775,14,19-Apr-22
Call #1776,4,19-Apr-22
Call #1777,23,19-Apr-22
Call #1778,5,19-Apr-22
Call #1779,0,19-Apr-22
Call #1780,128,19-Apr-22
Call #1781,125,19-Apr-22
Call #1782,43,19-Apr-22
Call #1783,15,19-Apr-22
Call #1784,0,19-Apr-22
Call #1785,13,19-Apr-22
Call #1786,34,19-Apr-22
Call #1787,24,19-Apr-22
Call #1788,20,19-Apr-22
Call #1789,117,19-Apr-22
Call #1790,14,19-Apr-22
Call #1791,4,19-Apr-22
Call #1792,4,19-Apr-22
Call #1793,0,19-Apr-22
Call #1794,28,19-Apr-22
Call #1795,13,19-Apr-22
Call #1796,26,19-Apr-22
Call #1797,1,19-Apr-22
Call #1798,28,19-Apr-22
Call #1799,16,19-Apr-22
Call #1800,10,19-Apr-22
Call #1801,11,19-Apr-22
Call #1802,8,19-Apr-22
Call #1803,88,19-Apr-22
Call #1804,89,19-Apr-22
Call #1805,4,19-Apr-22
Call #1806,11,20-Apr-22
Call #1807,1,20-Apr-22
Call #1808,2,20-Apr-22
Call #1809,10,20-Apr-22
Call #1810,0,20-Apr-22
Call #1811,0,20-Apr-22
Call #1812,10,20-Apr-22
Call #1813,29,20-Apr-22
Call #1814,23,20-Apr-22
Call #1815,28,20-Apr-22
Call #1816,2,20-Apr-22
Call #1817,3,20-Apr-22
Call #1818,1,20-Apr-22
Call #1819,20,20-Apr-22
Call #1820,80,20-Apr-22
Call #1821,33,20-Apr-22
Call #1822,10,20-Apr-22
Call #1823,18,20-Apr-22
Call #1824,13,20-Apr-22
Call #1825,57,20-Apr-22
Call #1826,150,20-Apr-22
Call #1827,2,20-Apr-22
Call #1828,54,20-Apr-22
Call #1829,28,20-Apr-22
Call #1830,13,20-Apr-22
Call #1831,15,20-Apr-22
Call #1832,17,20-Apr-22
Call #1833,35,20-Apr-22
Call #1834,14,20-Apr-22
Call #1835,20,20-Apr-22
Call #1836,31,20-Apr-22
Call #1837,32,20-Apr-22
Call #1838,24,20-Apr-22
Call #1839,25,20-Apr-22
Call #1840,51,20-Apr-22
Call #1841,4,20-Apr-22
Call #1842,6,20-Apr-22
Call #1843,24,20-Apr-22
Call #1844,38,20-Apr-22
Call #1845,1,21-Apr-22
Call #1846,5,21-Apr-22
Call #1847,20,21-Apr-22
Call #1848,3,21-Apr-22
Call #1849,17,21-Apr-22
Call #1850,19,21-Apr-22
Call #1851,1,21-Apr-22
Call #1852,7,21-Apr-22
Call #1853,15,21-Apr-22
Call #1854,1,21-Apr-22
Call #1855,150,21-Apr-22
Call #1856,1,21-Apr-22
Call #1857,17,21-Apr-22
Call #1858,191,21-Apr-22
Call #1859,5,21-Apr-22
Call #1860,2,21-Apr-22
Call #1861,5,21-Apr-22
Call #1862,4,21-Apr-22
Call #1863,22,21-Apr-22
Call #1864,9,21-Apr-22
Call #1865,39,21-Apr-22
Call #1866,28,21-Apr-22
Call #1867,0,21-Apr-22
Call #1868,30,21-Apr-22
Call #1869,18,21-Apr-22
Call #1870,3,21-Apr-22
Call #1871,0,21-Apr-22
Call #1872,4,21-Apr-22
Call #1873,0,21-Apr-22
